Theta0_Value,CostFunction
0,36.89242164532936
0.12801480249999994,23.863385238162554
0.0066700289901824444,16.256857388237698
0.07470635706181913,11.877821856195478
-0.000792481817614904,9.355262228064943
0.03265568542977264,7.900510295807715
-0.01643087398650573,7.059952160630364
-0.0028335828938986854,6.572685213290846
-0.03668592340209074,6.2886474439465
-0.03446347765684189,6.121528367775928
-0.05951114127575602,6.021685084230446
-0.0637887557142967,5.960564569117713
-0.0837301050608229,5.921743937674172
-0.09170429895605606,5.895777126354015
-0.10866681812532816,5.87723088966205
-0.1187254480887791,5.862980012201325
-0.1339331059768785,5.851226775990215
-0.1451492405744144,5.840936993343024
-0.15930633425986557,5.831515633269539
-0.17114714892547989,5.822620253443352
-0.18465907658497366,5.814053692973362
-0.19681842047079398,5.805702353136693
-0.20991866203215057,5.797500698666161
-0.22222075650478265,5.789410840157201
-0.23504390836604297,5.781410790591851
-0.24738795786555642,5.773487710902862
-0.26001173985441656,5.76563402505416
-0.2723400740716559,5.757845185563886
-0.2848094903541747,5.750118388302752
-0.29708924077529003,5.74245183328143
-0.3094304763584074,5.73484429947128
-0.3216430372901441,5.727294900245829
-0.333871450807067,5.719802942708887
-0.3460064177550744,5.712367846774588
-0.35813113864492624,5.704989098614701
-0.3701828219042427,5.697666223872785
-0.3822093945613792,5.690398772247643
-0.3941748139761427,5.683186308616057
-0.4061067185865849,5.676028407916728
-0.41798445022484404,5.668924652197659
-0.4298239775134439,5.66187462890789
-0.4416134903327438,5.654877929905055
-0.4533622447029304,5.647934150874712
-0.46506351904083076,5.641042890986599
-0.47672270797901795,5.634203752687207
-0.48833601613904254,5.627416341570857
-0.49990661668603764,5.620680266296012
-0.5114323967549569,5.613995138527628
-0.522915251270609,5.607360572894602
-0.5343540345589071,5.600776186955981
-0.5457499058186484,5.594241601172213
-0.5571022751429919,5.587756438879459
-0.5684118780434254,5.581320326265655
-0.5796784437482216,5.57493289234771
-0.5909024635589527,5.568593768949389
-0.6020838497406698,5.562302590679648
-0.6132229526179019,5.556058994911383
-0.6243197892175338,5.549862621760337
-0.6353746282667889,5.543713114064291
-0.6463875465373446,5.537610117362458
-0.6573587653160821,5.531553279874986
-0.6682883952311504,5.525542252482691
-0.67917662977879,5.51957668870692
-0.6900235985574233,5.513656244689562
-0.7008294785782682,5.507780579173252
-0.7115944098518165,5.501949353481663
-0.7223185594106366,5.496162231500019
-0.7330020727586932,5.490418879655704
-0.7436451106958958,5.484718966899023
-0.7542478213944274,5.479062164684139
-0.7648103615798286,5.473448146950136
-0.7753328804712329,5.4678765901022
-0.7858155319648857,5.462347172993006
-0.7962584653980646,5.45685957690416
-0.806661832557516,5.451413485527876
-0.8170257823681065,5.446008584948701
-0.8273504649247319,5.440644563625454
-0.8376360284383245,5.4353211123732486
-0.8478826215557645,5.430037924345677
-0.8580903916042312,5.424794695017129
-0.8682594859264263,5.419591122165229
-0.8783900508716801,5.414426905853423
-0.8884822325648111,5.409301748413683
-0.8985361763267312,5.404215354429362
-0.9085520271175476,5.399167430718159
-0.918529929204193,5.394157686315204
-0.9284700264161565,5.389185832456318
-0.9383724619551876,5.384251582561342
-0.9482373785432514,5.379354652217636
-0.9580649183139416,5.374494759163671
-0.9678552228984402,5.3696716232727715
-0.9776084333639202,5.364884966536956
-0.9873246902638417,5.360134513050926
-0.9970041336033744,5.3554199889961565
-1.0066469028691742,5.3507411226251085
-1.0162531370103414,5.346097644245578
-1.025822974456388,5.341489286205128
-1.0353565531071254,5.336915782875696
-1.0448540103438329,5.332376870638239
-1.054315483024274,5.327872287867587
-1.0637411074899508,5.323401774917314
-1.0731310195640615,5.318965074104814
-1.0824853545564967,5.314561929696415
-1.091804247263485,5.310192087892667
-1.1010878319712825,5.305855296813692
-1.1103362424567829,5.301551306484664
-1.1195496119904502,5.297279868821429
-1.1287280733374772,5.293040737616164
-1.1378717587602762,5.288833668523219
-1.146980800019947,5.284658419045017
-1.156055328378508,5.2805147485180814
-1.1650954746005346,5.2764024180991544
-1.1741013689552364,5.272321190751448
-1.1830731412181883,5.268270831230967
-1.1920109206733105,5.26425110607295
-1.2009148361146487,5.260261783578421
-1.2097850158482926,5.256302633800825
-1.2186215876941775,5.252373428532779
-1.2274246789879621,5.248473941292914
-1.2361944165828362,5.2446039473128305
-1.244930926851369,5.240763223524129
-1.253634335687315,5.236951548545553
-1.2623047685074391,5.2331687026702545
-1.2709423502533164,5.229414467853081
-1.2795472053931378,5.2256886276980605
-1.2881194579234998,5.221990967445888
-1.296659231371194,5.218321273961573
-1.3051666487949851,5.214679335722137
-1.313641832787386,5.211064942804425
-1.3220849054764228,5.20747788687302
-1.3304959885273957,5.203917961168213
-1.3388752031446316,5.2003849604940875
-1.3472226700732313,5.196878681206722
-1.3555385096008086,5.193398921202408
-1.3638228415592244,5.189945479906035
-1.372075785326313,5.186518158259506
-1.380297459827603,5.183116758710282
-1.3884879835380302,5.179741085199986
-1.3966474744836452,5.176390943153092
-1.4047760502433142,5.173066139465731
-1.4128738279504134,5.169766482494552
-1.4209409242945168,5.1664917820456635
-1.4289774555230776,5.163241849363692
-1.4369835374431035,5.160016497120877
-1.4449592854228253,5.156815539406294
-1.4529048143933596,5.153638791715143
-1.4608202388503648,5.1504860709380775
-1.468705672855691,5.1473571953506925
-1.4765612300390238,5.144251984603025
-1.4843870235995216,5.141170259709168
-1.4921831663074465,5.138111843036947
-1.49994977050579,5.135076558297692
-1.5076869481118915,5.132064230536064
-1.5153948106190507,5.129074686119972
-1.5230734690981347,5.1261077527305785
-1.5307230341991787,5.123163259352352
-1.5383436161529795,5.120241036263211
-1.5459353247726855,5.117340915024749
-1.5534982694553774,5.114462728472518
-1.561032559183646,5.111606310706404
-1.568538302527162,5.108771497081044
-1.5760156076442404,5.105958124196362
-1.5834645822833993,5.1031660298881265
-1.5908853337849125,5.100395053218621
-1.5982779690823565,5.097645034467359
-1.6056425947041513,5.094915815121871
-1.612979316775095,5.092207237868591
-1.6202882410178936,5.089519146583753
-1.6275694727546846,5.086851386324435
-1.634823116908554,5.084203803319591
-1.6420492780050495,5.081576244961205
-1.6492480601736852,5.078968559795492
-1.6564195671494428,5.07638059751417
-1.6635639022742668,5.073812208945792
-1.6706811684985534,5.071263246047147
-1.6777714683826335,5.06873356189474
-1.6848349040982515,5.0662230106763015
-1.6918715774300368,5.06373144768239
-1.6988815897769711,5.06125872929807
-1.7058650421538493,5.058804712994611
-1.7128220351927352,5.056369257321278
-1.7197526691444114,5.053952221897179
-1.7266570438798243,5.051553467403181
-1.7335352588915232,5.049172855573869
-1.7403874132950934,5.046810249189578
-1.7472136058305852,5.044465512068493
-1.7540139348639365,5.0421385090587805
-1.7607884983883901,5.03982910603083
-1.767537394025906,5.037537169869477
-1.7742607190285682,5.035262568466374
-1.7809585702799857,5.033005170712355
-1.787631044296689,5.030764846489873
-1.7942782372295205,5.028541466665525
-1.8009002448650209,5.026334903082569
-1.8074971626268084,5.024145028553573
-1.8140690855769543,5.021971716853073
-1.8206161084173533,5.0198148427102876
-1.8271383254910871,5.0176742818019076
-1.8336358307837848,5.015549910744927
-1.8401087179249769,5.013441607089527
-1.8465570801894444,5.011349249312028
-1.8529810104985631,5.009272716807874
-1.8593806014216423,5.007211889884692
-1.8657559451772594,5.005166649755378
-1.8721071336345878,5.003136878531268
-1.8784342583147218,5.001122459215319
-1.8847374103919945,4.999123275695404
-1.8910166806952922,4.9971392127375625
-1.897272159709363,4.995170155979419
-1.9035039375761207,4.993215991923554
-1.9097121040959442,4.991276607930959
-1.9158967487289706,4.989351892214574
-1.9220579605963855,4.987441733832823
-1.928195828481706,4.985546022683202
-1.934310440832061,4.983664649495976
-1.9404018857594656,4.98179750582785
-1.9464702510420901,4.979944484055722
-1.952515624125526,4.978105477370483
-1.958538092124045,4.976280379770872
-1.9645377418218553,4.974469086057337
-1.9705146596743512,4.972671491826
-1.9764689318093602,4.970887493462628
-1.9824006440283826,4.96911698813666
-1.9883098818078289,4.967359873795277
-1.9941967303002512,4.965616049157523
-2.000061274335571,4.963885413708477
-2.0059035984222993,4.96216786769343
-2.0117237867487576,4.960463312112179
-2.017521923184289,4.958771648713272
-2.023298091280467,4.957092779988388
-2.0290523742722995,4.955426609166685
-2.034784855079429,4.9537730402092475
-2.0404956163073273,4.95213197780352
-2.046184740248484,4.950503327357847
-2.0518523088835954,4.948886994995995
-2.0574984038827426,4.947282887551753
-2.0631231066065716,4.945690912563569
-2.068726498107463,4.944110978269192
-2.074308659130702,4.942542993600427
-2.07986967011564,4.940986868177848
-2.0854096111968556,4.939442512305593
-2.090928562205309,4.937909836966229
-2.0964266026694904,4.9363887538155655
-2.1019038118165687,4.934879175177612
-2.1073602685735318,4.933381014039496
-2.1127960515683237,4.931894184046454
-2.118211239130978,4.930418599496864
-2.1236059092947475,4.928954175337281
-2.1289801397972266,4.927500827157572
-2.134334008081473,4.9260584711860105
-2.139667591297124,4.9246270242844705
-2.1449809663015067,4.923206403943641
-2.150274209660747,4.9217965282782465
-2.1555473976508717,4.9203973160223455
-2.160800606258909,4.919008686524641
-2.166033911183982,4.917630559743833
-2.171247387838401,4.9162628562439945
-2.176441111348749,4.914905497190015
-2.181615156556964,4.913558404343034
-2.18676959802142,4.91222150005594
-2.191904510017998,4.910894707268905
-2.197019966541159,4.909577949504917
-2.202116041305009,4.908271150865405
-2.2071928077443603,4.906974236025832
-2.212250339015792,4.905687130231378
-2.2172887079987027,4.9044097592926175
-2.2223079872963614,4.903142049581247
-2.2273082492369523,4.901883928025844
-2.2322895658746194,4.900635322107645
-2.2372520089905024,4.899396159856382
-2.2421956500937723,4.89816636984612
-2.2471205604226623,4.89694588119114
-2.2520268109454937,4.895734623541865
-2.256914472361698,4.894532527080798
-2.2617836151028365,4.893339522518491
-2.2666343093336154,4.8921555410895605
-2.2714666249528963,4.890980514548728
-2.2762806315947035,4.889814375166866
-2.281076398629228,4.888657055727117
-2.285853995163826,4.887508489521006
-2.290613490044016,4.886368610344606
-2.2953549518544705,4.8852373524947
-2.300078448920004,4.88411465076502
-2.304784049306557,4.883000440442474
-2.309471820822178,4.881894657303418
-2.314141831018001,4.8807972376099595
-2.318794147189217,4.879708118106273
-2.3234288363760447,4.878627236014962
-2.3280459653646974,4.877554529033441
-2.3326456006883443,4.876489935330339
-2.33722780862807,4.875433393541941
-2.341792655213828,4.874384842768649
-2.3463402062253946,4.873344222571469
-2.3508705271933157,4.872311472968524
-2.35538368339985,4.871286534431617
-2.3598797398799114,4.8702693478827666
-2.364358761422005,4.869259854690837
-2.3688208125691625,4.868257996668127
-2.373265957619869,4.867263716067038
-2.377694260628993,4.866276955576738
-2.382105785408707,4.865297658319853
-2.386500595529409,4.8643257678492064
-2.390878754320637,4.863361228144529
-2.395240324871981,4.862403983609275
-2.3995853700339955,4.86145397906739
-2.403913952419101,4.860511159760135
-2.408226134402489,4.859575471342925
-2.4125219781230203,4.858646859882213
-2.416801545484119,4.857725271852367
-2.421064898154667,4.856810654132595
-2.4253120975698903,4.855902954003861
-2.4295432049322456,4.855002119145885
-2.4337582812123024,4.854108097634083
-2.4379573871496207,4.853220837936615
-2.4421405832536265,4.852340288911376
-2.446307929804484,4.851466399803085
-2.450459486853965,4.850599120240337
-2.4545953142263124,4.849738400232697
-2.458715471519103,4.848884190167827
-2.462820018104108,4.848036440808632
-2.4669090131281464,4.847195103290419
-2.4709825155139375,4.84636012911807
-2.4750405839609515,4.845531470163244
-2.4790832769462536,4.844709078661637
-2.4831106527253484,4.843892907210173
-2.4871227693330176,4.843082908764335
-2.4911196845841572,4.842279036635393
-2.495101456074611,4.841481244487759
-2.4990681411819997,4.840689486336295
-2.5030197970665484,4.839903716543659
-2.5069564806719096,4.839123889817688
-2.510878248725984,4.838349961208774
-2.5147851577417395,4.837581886107287
-2.5186772640180224,4.836819620240989
-2.5225546236403713,4.836063119672494
-2.5264172924818245,4.835312340796729
-2.5302653262037245,4.834567240338423
-2.534098780256521,4.833827775349607
-2.5379177098805696,4.833093903207151
-2.541722170106928,4.832365581610295
-2.545512215758149,4.8316427685782175
-2.5492879014490692,4.830925422447609
-2.5530492815875983,4.830213501870282
-2.5567964103755014,4.829506965810773
-2.560529341809181,4.828805773543991
-2.5642481296804536,4.8281098846528625
-2.567952827577327,4.827419259025994
-2.5716434888847712,4.826733856855383
-2.5753201667854877,4.826053638634104
-2.5789829142606764,4.82537856515404
-2.582631784090798,4.8247085975036095
-2.5862668288563366,4.824043697065546
-2.589888100938555,4.823383825514651
-2.5934956525202506,4.822728944815598
-2.5970895355865085,4.82207901722073
-2.6006698019254477,4.8214340052679
-2.604236503128971,4.8207938717782906
-2.607789690593506,4.82015857985429
-2.611329415520745,4.81952809287735
-2.614855728918386,4.818902374505879
-2.618368681600865,4.818281388673165
-2.621868324190089,4.817665099585268
-2.6253547071161663,4.817053471718977
-2.6288278806181316,4.816446469819749
-2.632287894744671,4.815844058899696
-2.6357347993548434,4.815246204235544
-2.6391686441187985,4.814652871366655
-2.6425894785184925,4.814064026093019
-2.6459973518484015,4.813479634473305
-2.6493923132162314,4.812899662822879
-2.652774411543626,4.8123240777118905
-2.6561436955668714,4.811752845963317
-2.659500213837599,4.81118593465108
-2.662844014723485,4.810623311098124
-2.666175146408946,4.8100649428745434
-2.669493656895835,4.809510797795715
-2.6727995940041342,4.8089608439204365
-2.67609300537264,4.808415049549089
-2.6793739384596535,4.807873383221818
-2.6826424405436624,4.8073358137166915
-2.685898558724023,4.806802310047945
-2.689142339921638,4.806272841464153
-2.692373830879634,4.805747377446479
-2.6955930781640336,4.805225887706918
-2.698800128164428,4.804708342186535
-2.7019950270946436,4.804194711053744
-2.70517782099341,4.803684964702599
-2.7083485557250224,4.8031790737510525
-2.7115072769800017,4.802677009039299
-2.714654030275754,4.802178741628081
-2.7177888609572265,4.801684242797009
-2.7209118141975606,4.801193484042921
-2.7240229349987426,4.800706437078242
-2.727122268192253,4.800223073829331
-2.730209858439711,4.799743366434897
-2.7332857502335206,4.79926728724436
-2.736349987897509,4.79879480881628
-2.7394026155875664,4.798325903916753
-2.7424436772922838,4.797860545517874
-2.745473216833584,4.79739870679615
-2.748491277867356,4.796940361130961
-2.751497903884081,4.796485482103038
-2.754493138209462,4.796034043492922
-2.7574770240050466,4.795586019279463
-2.760449604268849,4.795141383638321
-2.76341092183597,4.79470011094048
-2.7663610193792145,4.794262175750747
-2.769299939409705,4.793827552826331
-2.772227724277496,4.793396217115338
-2.775144416172184,4.792968143755374
-2.7780500571235134,4.792543308072057
-2.780944689001985,4.792121685577657
-2.783828353519458,4.7917032519696425
-2.7867010922297504,4.791287983129287
-2.789562946529239,4.790875855120285
-2.7924139576574554,4.7904668441873675
-2.7952541666976796,4.790060926754944
-2.798083614577534,4.7896580794257275
-2.8009023420695707,4.789258278979396
-2.803710389791861,4.788861502371256
-2.80650779820858,4.788467726730892
-2.8092946076305885,4.788076929360889
-2.8120708582160163,4.787689087735488
-2.814836589970839,4.787304179499297
-2.8175918427494553,4.78692218246602
-2.8203366562552605,4.786543074617152
-2.82307107004122,4.786166834100725
-2.825795123510438,4.785793439230047
-2.828508855916726,4.785422868482452
-2.831212306365168,4.785055100498053
-2.833905513812684,4.784690114078522
-2.8365885170685923,4.784327888185859
-2.8392613547951675,4.783968401941174
-2.8419240655081985,4.783611634623506
-2.8445766875775433,4.783257565668608
-2.847219259227681,4.782906174667762
-2.8498518185382644,4.782557441366615
-2.852474403444667,4.78221134566401
-2.855087051738531,4.781867867610814
-2.8576898010683105,4.781526987408773
-2.8602826889398156,4.78118868540939
-2.862865752716752,4.780852942112765
-2.8654390296212586,4.780519738166481
-2.868002556734446,4.780189054364503
-2.8705563709969284,4.779860871646045
-2.873100509209358,4.7795351710944916
-2.875635008032954,4.779211933936296
-2.878159903990031,4.778891141539911
-2.8806752334645265,4.7785727754147
-2.8831810327025233,4.778256817209878
-2.8856773378127736,4.777943248713456
-2.8881641847672177,4.777632051851191
-2.890641609401504,4.7773232086855355
-2.893109647415504,4.777016701414615
-2.895568334373827,4.776712512371196
-2.8980177057063345,4.7764106240216675
-2.9004577967086473,4.776111018965044
-2.9028886425426568,4.775813679931929
-2.9053102782370304,4.7755185897835535
-2.907722738687718,4.775225731510769
-2.9101260586584514,4.774935088233087
-2.9125202727812494,4.774646643197674
-2.914905415556914,4.77436037977842
-2.917281521355528,4.774076281474951
-2.919648624416952,4.773794331911703
-2.922006758851315,4.773514514836959
-2.924355958639508,4.7732368141219235
-2.9266962576336737,4.772961213759785
-2.929027689557693,4.7726876978648045
-2.931350288007672,4.772416250671387
-2.9336640864524255,4.772146856533178
-2.9359691182339596,4.771879499922163
-2.9382654165679525,4.771614165427776
-2.9405530145442325,4.771350837756
-2.9428319451272547,4.771089501728499
-2.9451022411565773,4.770830142281733
-2.9473639353473335,4.770572744466088
-2.9496170602907035,4.770317293445032
-2.9518616484543836,4.770063774494236
-2.9540977321830546,4.769812173000734
-2.9563253436988486,4.769562474462103
-2.9585445151018113,4.769314664485582
-2.960755278370366,4.769068728787285
-2.9629576653617753,4.768824653191351
-2.9651517078125975,4.768582423629146
-2.9673374373391463,4.76834202613843
-2.9695148854379454,4.768103446862574
-2.971684083486182,4.767866672049749
-2.973845062742161,4.767631688052134
-2.975997854345752,4.767398481325136
-2.978142489318841,4.7671670384265985
-2.980278998565776,4.766937346016038
-2.982407412873813,4.766709390853867
-2.9845277629135594,4.76648315980064
-2.986640079239415,4.766258639816284
-2.9887443922900143,4.76603581795935
-2.9908407323886634,4.765814681386278
-2.9929291297437777,4.765595217350641
-2.995009614449317,4.765377413202428
-2.9970822164852193,4.765161256387293
-2.999146965717833,4.76494673444585
-3.0012038919003463,4.764733835012946
-3.003253024673218,4.764522545816954
-3.005294393564602,4.764312854679051
-3.0073280279907744,4.764104749512547
-3.0093539572565575,4.76389821832214
-3.0113722105557414,4.763693249203281
-3.013382816971505,4.76348983034144
-3.015385805476835,4.763287950011457
-3.017381204934944,4.763087596576844
-3.0193690440996845,4.762888758489128
-3.021349351615966,4.762691424287189
-3.0233221560201655,4.762495582596567
-3.02528748574054,4.762301222128869
-3.0272453690976358,4.762108331681047
-3.0291958343046965,4.761916900134804
-3.0311389094680696,4.761726916455931
-3.0330746225876113,4.761538369693667
-3.0350030015570906,4.761351248980086
-3.0369240741645904,4.7611655435294535
-3.038837868092909,4.760981242637617
-3.0407444109199577,4.760798335681382
-3.0426437301191593,4.7606168121178944
-3.044535853059844,4.760436661484047
-3.0464208070076424,4.76025787339587
-3.04829861912488,4.760080437547921
-3.050169316470968,4.759904343712713
-3.0520329260027927,4.759729581740111
-3.0538894745751053,4.759556141556744
-3.0557389889409077,4.759384013165432
-3.057581495751838,4.759213186644608
-3.0594170215585557,4.75904365214775
-3.0612455928111224,4.758875399902794
-3.063067235859385,4.75870842021161
-3.0648819769533544,4.758542703449397
-3.0666898422435835,4.758378240064155
-3.068490857781544,4.75821502057614
-3.0702850495200034,4.758053035577285
-3.072072443313396,4.757892275730709
-3.073853064918199,4.757732731770126
-3.0756269399933007,4.757574394499343
-3.077394094100372,4.757417254791718
-3.0791545527042334,4.757261303589642
-3.080908341173224,4.7571065319040065
-3.082655484779564,4.7569529308136955
-3.084396008699722,4.756800491465069
-3.0861299380147766,4.756649205071435
-3.0878572977107765,4.756499062912582
-3.0895781126791024,4.756350056334235
-3.091292407716825,4.756202176747581
-3.0930002075270617,4.756055415628761
-3.0947015367193345,4.7559097645184
-3.096396419809922,4.755765215021088
-3.0980848812222144,4.7556217588049225
-3.0997669452870658,4.755479387601014
-3.101442636243143,4.755338093203012
-3.1031119782372762,4.755197867466636
-3.104774995324807,4.755058702309215
-3.106431711469934,4.754920589709187
-3.1080821505460587,4.754783521705678
-3.1097263363361307,4.754647490398016
-3.111364292532988,4.754512487945292
-3.1129960427397005,4.754378506565893
-3.1146216104699085,4.754245538537065
-3.116241019148163,4.754113576194475
-3.117854292110263,4.7539826119317246
-3.11946145260359,4.753852638199992
-3.121062523787446,4.7537236475075115
-3.1226575287333844,4.753595632419197
-3.1242464904255445,4.753468585556201
-3.1258294317609807,4.753342499595467
-3.1274063755499952,4.753217367269347
-3.1289773445164637,4.75309318136515
-3.1305423612981653,4.75296993472473
-3.132101448447107,4.752847620244094
-3.13365462842985,4.752726230872974
-3.1352019236278315,4.752605759614429
-3.13674335633769,4.7524861995244265
-3.1382789487715845,4.75236754371147
-3.139808723057515,4.75224978533618
-3.1413327012396426,4.752132917610897
-3.1428509052786042,4.752016933799314
-3.144363357051833,4.7519018272160585
-3.145870078353869,4.751787591226332
-3.147371090896679,4.75167421924552
-3.148866416309964,4.751561704738802
-3.1503560761414726,4.75145004122078
-3.1518400918573137,4.751339222255115
-3.153318484842263,4.751229241454153
-3.154791276400072,4.751120092478533
-3.1562584877537763,4.7510117690368645
-3.157720140045999,4.750904264885326
-3.159176254339258,4.750797573827323
-3.160626851616268,4.750691689713129
-3.162071952780242,4.75058660643953
-3.163511578655194,4.750482317949474
-3.16494574998624,4.750378818231721
-3.1663744874398945,4.7502761013205
-3.1677978116043692,4.750174161295144
-3.1692157429898704,4.750072992279794
-3.1706283020288937,4.749972588443004
-3.1720355090765193,4.749872943997452
-3.1734373844107044,4.749774053199583
-3.174833948232576,4.749675910349277
-3.176225220666722,4.749578509789539
-3.1776112217614805,4.749481845906146
-3.1789919714892294,4.74938591312734
-3.1803674897466743,4.749290705923516
-3.1817377963551348,4.749196218806878
-3.18310291106083,4.749102446331142
-3.184462853535164,4.749009383091211
-3.185817643375007,4.74891702372288
-3.1871673001029817,4.748825362902507
-3.18851184316774,4.748734395346715
-3.189851291944248,4.748644115812084
-3.19118566573406,4.748554519094861
-3.192514983765601,4.748465600030651
-3.1938392651944425,4.748377353494102
-3.195158529103577,4.748289774398649
-3.1964727945036953,4.7482028576961905
-3.197782080333458,4.748116598376795
-3.1990864054597705,4.748030991468441
-3.2003857886780547,4.747946032036696
-3.201680248712518,4.747861715184456
-3.2029698042164254,4.7477780360516615
-3.204254473772367,4.7476949898150025
-3.205534275892525,4.747612571687652
-3.2068092290189427,4.7475307769189845
-3.208079351523789,4.747449600794313
-3.2093446617096224,4.7473690386346
-3.2106051778096565,4.747289085796206
-3.211860917988021,4.747209737670611
-3.213111900340024,4.747130989684147
-3.214358142892414,4.747052837297736
-3.2155996636036384,4.746975276006641
-3.216836480364101,4.746898301340188
-3.218068610996424,4.746821908861518
-3.2192960732556997,4.74674609416733
-3.22051888482975,4.746670852887634
-3.22173706333938,4.746596180685475
-3.2229506263386316,4.746522073256707
-3.2241595913150376,4.746448526329755
-3.225363975689872,4.746375535665327
-3.226563796818403,4.746303097056205
-3.227759071990141,4.7462312063269945
-3.228949818429089,4.746159859333874
-3.230136053293992,4.746089051964372
-3.231317793678581,4.74601878013711
-3.2324950566118225,4.745949039801589
-3.2336678590581625,4.74587982693794
-3.23483621791777,4.7458111375566965
-3.236000150026783,4.74574296769857
-3.237159672157549,4.745675313434219
-3.2383148010188667,4.74560817086401
-3.239465553256229,4.745541536117818
-3.24061194545206,4.74547540535478
-3.2417539941259563,4.745409774763084
-3.242891715734923,4.745344640559755
-3.2440251266736126,4.745279998990418
-3.2451542432745604,4.745215846329109
-3.2462790818084195,4.745152178878028
-3.2473996584841966,4.745088992967354
-3.248515989449484,4.745026284955021
-3.249628090790693,4.744964051226504
-3.2507359785332866,4.7449022881946235
-3.251839668642008,4.744840992299327
-3.252939177021114,4.744780160007485
-3.2540345195146005,4.744719787812697
-3.2551257119064343,4.7446598722350775
-3.256212769920778,4.744600409821063
-3.2572957092222175,4.744541397143212
-3.2583745454159883,4.744482830800001
-3.2594492940481996,4.744424707415639
-3.260519970606058,4.744367023639862
-3.261586590518092,4.744309776147751
-3.2626491691543733,4.744252961639528
-3.263707721826738,4.744196576840382
-3.2647622637890086,4.744140618500259
-3.2658128102372124,4.744085083393698
-3.2668593763098013,4.74402996831962
-3.2679019770878694,4.743975270101176
-3.268940627595371,4.743920985585519
-3.269975342799336,4.743867111643669
-3.271006137610087,4.7438136451703095
-3.272033026881454,4.743760583083601
-3.273056025410986,4.743707922325017
-3.274075147940168,4.743655659859167
-3.2750904091546307,4.743603792673616
-3.2761018236843626,4.743552317778713
-3.2771094061039223,4.74350123220742
-3.2781131709326465,4.743450533015138
-3.27911313263486,4.743400217279539
-3.2801093056200856,4.743350282100404
-3.2811017042432487,4.743300724599438
-3.282090342804887,4.743251541920126
-3.2830752355513546,4.743202731227553
-3.2840563966750294,4.743154289708242
-3.2850338403145147,4.743106214570006
-3.286007580554846,4.743058503041763
-3.2869776314276917,4.7430111523734
-3.2879440069115566,4.742964159835598
-3.288906720931983,4.742917522719692
-3.2898657873617503,4.742871238337485
-3.2908212200210767,4.742825304021127
-3.2917730326778174,4.74277971712294
-3.292721239047663,4.742734475015275
-3.2936658527943368,4.742689575090349
-3.2946068875297927,4.742645014760111
-3.295544356814411,4.742600791456078
-3.296478274157193,4.742556902629205
-3.2974086530159563,4.742513345749709
-3.298335506797529,4.742470118306951
-3.2992588488579426,4.742427217809278
-3.3001786925026244,4.742384641783894
-3.301095050986589,4.742342387776683
-3.302007937514629,4.742300453352111
-3.302917365241508,4.742258836093054
-3.3038233472721457,4.742217533600668
-3.30472589666181,4.7421765434942635
-3.3056250264163043,4.742135863411149
-3.306520749492155,4.742095491006501
-3.307413078796797,4.742055423953234
-3.3083020271887618,4.742015659941864
-3.3091876074778614,4.741976196680371
-3.310069832425373,4.741937031894083
-3.3109487147442227,4.741898163325506
-3.31182426709917,4.741859588734245
-3.3126965021069887,4.741821305896845
-3.3135654323366497,4.741783312606662
-3.3144310703095017,4.741745606673732
-3.3152934284994515,4.741708185924681
-3.3161525193331447,4.741671048202552
-3.317008355190143,4.74163419136671
-3.3178609484031045,4.7415976132927025
-3.3187103112579606,4.74156131187216
-3.319556455994092,4.741525285012644
-3.3203993948045074,4.741489530637549
-3.321239139836017,4.741454046685976
-3.322075703189408,4.741418831112618
-3.322909096919621,4.741383881887618
-3.3237393330359204,4.741349196996499
-3.32456642350207,4.741314774439995
-3.325390380236505,4.74128061223398
-3.326211215112502,4.741246708409323
-3.3270289399583524,4.741213061011796
-3.327843566557531,4.741179668101941
-3.3286551066488683,4.741146527754973
-3.329463571926716,4.741113638060673
-3.330268974041118,4.741080997123254
-3.3310713245979793,4.74104860306128
-3.33187063515923,4.741016454007545
-3.332666917242994,4.740984548108954
-3.3334601823237553,4.740952883526438
-3.334250441832522,4.740921458434835
-3.335037707156992,4.740890271022786
-3.3358219896417163,4.740859319492633
-3.336603300588264,4.740828602060318
-3.3373816512553827,4.740798116955268
-3.3381570528591635,4.740767862420308
-3.3389295165732005,4.740737836711547
-3.339699053528753,4.740708038098297
-3.340465674814905,4.7406784648629445
-3.3412293914787257,4.7406491153008705
-3.341990214525429,4.740619987720361
-3.3427481549185307,4.740591080442484
-3.343503223580008,4.7405623918010065
-3.344255431390456,4.740533920142299
-3.345004789189244,4.740505663825248
-3.345751307774674,4.740477621221137
-3.346494997904134,4.740449790713586
-3.3472358702942526,4.740422170698422
-3.3479739356210563,4.7403947595836184
-3.3487092045201208,4.74036755578918
-3.349441687586725,4.74034055774707
-3.350171395376004,4.740313763901108
-3.350898338403101,4.740287172706883
-3.3516225271433187,4.740260782631664
-3.3523439720322696,4.740234592154312
-3.3530626834660286,4.740208599765198
-3.35377867180128,4.740182803966107
-3.3544919473554686,4.740157203270157
-3.3552025204069476,4.740131796201706
-3.355910401195127,4.740106581296284
-3.3566155999206218,4.7400815571004875
-3.357318126745397,4.74005672217191
-3.3580179917929165,4.740032075079062
-3.3587152051482865,4.7400076144012555
-3.3594097768584033,4.739983338728578
-3.3601017169320966,4.739959246661763
-3.3607910353402737,4.739935336812134
-3.3614777420160635,4.739911607801512
-3.3621618468549603,4.739888058262146
-3.362843359714965,4.739864686836631
-3.3635222904167286,4.7398414921778205
-3.3641986487436917,4.739818472948768
-3.364872444442228,4.739795627822634
-3.3655436872217837,4.7397729554826125
-3.3662123867550164,4.739750454621857
-3.3668785526779357,4.739728123943407
-3.3675421945900417,4.739705962160116
-3.368203322054463,4.739683967994562
-3.3688619445980956,4.739662140178987
-3.3695180717117386,4.739640477455234
-3.370171712850232,4.739618978574643
-3.3708228774325937,4.739597642298014
-3.371471574842152,4.739576467395518
-3.3721178144266855,4.739555452646609
-3.3727616054985536,4.73953459684
-3.3734029573348336,4.739513898773546
-3.3740418791774527,4.739493357254196
-3.3746783802333216,4.739472971097936
-3.375312469674467,4.739452739129691
-3.375944156638165,4.739432660183279
-3.3765734502270717,4.739412733101341
-3.3772003595093536,4.739392956735275
-3.3778248935188198,4.739373329945154
-3.3784470612550512,4.739353851599688
-3.379066871683531,4.739334520576129
-3.3796843337357734,4.739315335760225
-3.380299456309452,4.739296296046162
-3.3809122482685283,4.739277400336471
-3.3815227184433794,4.7392586475420035
-3.382130875630926,4.739240036581835
-3.382736728594758,4.739221566383223
-3.383340286065261,4.739203235881526
-3.3839415567397424,4.739185044020175
-3.3845405492825575,4.739166989750581
-3.385137272325233,4.739149072032084
-3.385731734466592,4.739131289831896
-3.386323944272877,4.739113642125049
-3.386913910277876,4.739096127894315
-3.387501640983042,4.739078746130159
-3.3880871448576184,4.7390614958307
-3.3886704303387587,4.739044376001616
-3.3892515058316497,4.7390273856561125
-3.3898303797096325,4.739010523814856
-3.390407060314322,4.73899378950592
-3.3909815559557286,4.738977181764732
-3.3915538749123764,4.738960699634016
-3.392124025431424,4.738944342163732
-3.392692015728782,4.738928108411023
-3.3932578539892333,4.738911997440178
-3.393821548366548,4.738896008322543
-3.3943831069836046,4.738880140136499
-3.394942537932504,4.738864391967398
-3.3954998492746866,4.738848762907506
-3.396055049041051,4.738833252055955
-3.396608145232066,4.738817858518699
-3.397159145817889,4.738802581408436
-3.397708058738479,4.73878741984459
-3.3982548919037114,4.738772372953243
-3.3987996531934925,4.738757439867082
-3.399342350457873,4.738742619725359
-3.39988299151716,4.7387279116738314
-3.4004215841620313,4.738713314864726
-3.4009581361536467,4.738698828456662
-3.40149265522376,4.738684451614647
-3.4020251490748303,4.738670183509987
-3.4025556253801335,4.738656023320268
-3.403084091783872,4.7386419702292795
-3.4036105559012855,4.738628023427
-3.404135025318761,4.73861418210953
-3.4046575075939414,4.738600445479049
-3.4051780102558347,4.738586812743773
-3.405696540804923,4.738573283117893
-3.4062131067132695,4.738559855821566
-3.406727715424627,4.7385465300808285
-3.4072403743545454,4.738533305127584
-3.407751090890477,4.738520180199538
-3.408259872391885,4.738507154540158
-3.4087667261903487,4.738494227398646
-3.4092716595896686,4.738481398029871
-3.409774679865972,4.738468665694343
-3.410275794267818,4.738456029658163
-3.4107750100163026,4.7384434891929805
-3.411272334305161,4.738431043575967
-3.4117677743008734,4.738418692089737
-3.4122613371427666,4.7384064340223535
-3.4127530299431172,4.738394268667255
-3.413242859787255,4.738382195323221
-3.413730833733664,4.73837021329434
-3.4142169588140847,4.7383583218899625
-3.414701242033616,4.738346520424658
-3.4151836903708137,4.738334808218189
-3.4156643107777946,4.738323184595455
-3.4161431101803346,4.73831164888647
-3.4166200954779677,4.738300200426297
-3.4170952735440876,4.7382888385550554
-3.417568651226045,4.738277562617831
-3.4180402353452473,4.73826637196468
-3.4185100326972564,4.738255265950565
-3.4189780500518867,4.7382442439353305
-3.419444294153303,4.738233305283664
-3.419908771720117,4.738222449365048
-3.4203714894454853,4.738211675553749
-3.4208324539972037,4.738200983228755
-3.421291672017806,4.738190371773763
-3.421749150124657,4.738179840577112
-3.4222048949100503,4.7381693890317855
-3.4226589129413023,4.738159016535352
-3.4231112107608457,4.738148722489931
-3.423561794886326,4.738138506302175
-3.424010671810693,4.738128367383209
-3.4244578480022967,4.738118305148627
-3.424903329904979,4.738108319018432
-3.4253471239381668,4.738098408417028
-3.425789236496965,4.738088572773153
-3.4262296739522484,4.73807881151988
-3.4266684426507528,4.738069124094567
-3.4271055489151676,4.73805950993882
-3.427540999044226,4.738049968498478
-3.427974799312797,4.73804049922357
-3.4284069559719743,4.738031101568278
-3.4288374752491673,4.738021774990914
-3.4292663633481903,4.738012518953897
-3.4296936264493527,4.738003332923702
-3.430119270709547,4.73799421637084
-3.430543302262339,4.7379851687698284
-3.4309657272180534,4.73797618959916
-3.431386551663866,4.737967278341267
-3.431805781663888,4.737958434482507
-3.4322234232592543,4.737949657513111
-3.4326394824682116,4.737940946927166
-3.433053965286203,4.737932302222598
-3.4334668776859574,4.737923722901112
-3.433878225617572,4.737915208468208
-3.4342880150086015,4.737906758433094
-3.434696251764141,4.737898372308714
-3.435102941766912,4.737890049611683
-3.435508090877348,4.737881789862277
-3.435911704933677,4.737873592584403
-3.436313789752008,4.737865457305562
-3.436714351126412,4.737857383556835
-3.437113394829009,4.737849370872846
-3.4375109266100474,4.737841418791741
-3.4379069521979897,4.737833526855157
-3.4383014772995937,4.737825694608199
-3.4386945075999953,4.737817921599418
-3.43908604876279,4.737810207380764
-3.439476106430115,4.737802551507588
-3.43986468622273,4.7377949535386055
-3.4402517937400985,4.737787413035867
-3.440637434560468,4.737779929564725
-3.441021614240952,4.737772502693836
-3.441404338317607,4.737765131995115
-3.4417856123055164,4.737757817043699
-3.4421654416988656,4.737750557417963
-3.442543831971024,4.737743352699448
-3.4429207885746242,4.737736202472883
-3.443296316941638,4.737729106326114
-3.4436704224834567,4.737722063850118
-3.444043110590969,4.737715074638965
-3.444414386634638,4.737708138289793
-3.444784255964579,4.7377012544027926
-3.4451527239106365,4.73769442258116
-3.4455197957824604,4.7376876424311165
-3.4458854768695835,4.737680913561847
-3.4462497724414973,4.737674235585498
-3.446612687747728,4.737667608117144
-3.4469742280179116,4.737661030774783
-3.4473343984618703,4.737654503179281
-3.4476932042696866,4.737648024954391
-3.448050650611779,4.737641595726709
-3.448406742638975,4.737635215125642
-3.4487614854825877,4.7376288827834125
-3.449114884254487,4.737622598335031
-3.449466944047176,4.737616361418241
-3.4498176699338616,4.737610171673554
-3.4501670669685303,4.737604028744189
-3.4505151401860186,4.7375979322760635
-3.4508618946020873,4.737591881917776
-3.451207335213493,4.737585877320576
-3.451551466998061,4.737579918138361
-3.451894294914755,4.737574004027635
-3.452235823903751,4.737568134647517
-3.4525760588865064,4.737562309659674
-3.452915004765833,4.737556528728366
-3.453252666425966,4.737550791520377
-3.4535890487326344,4.737545097705004
-3.453924156533132,4.737539446954056
-3.454257994656387,4.737533838941823
-3.4545905679130318,4.737528273345051
-3.454921881095471,4.737522749842942
-3.455251938977952,4.737517268117115
-3.4555807463166333,4.737511827851605
-3.4559083078496533,4.737506428732823
-3.4562346282971976,4.737501070449571
-3.456559712361568,4.737495752692988
-3.4568835647272493,4.7374904751565605
-3.4572061900609787,4.737485237536089
-3.4575275930118106,4.737480039529668
-3.4578477782111854,4.737474880837691
-3.458166750272995,4.737469761162799
-3.458484513793651,4.737464680209898
-3.458801073352149,4.737459637686117
-3.4591164335101356,4.737454633300804
-3.4594305988119736,4.7374496667654995
-3.4597435737848086,4.737444737793935
-3.4600553629386326,4.737439846101999
-3.4603659707663503,4.737434991407731
-3.4606754017438437,4.737430173431308
-3.460983660330036,4.737425391895018
Learning Rate: 0.02